# arXiv:1607.00990, figure LHC13TeV_NLO_NLOPDF.pdf, curve fig1R_one_loop
# m_aa [GeV], dsigma/dm_aa [fb/GeV]
330.0000,0.278057
330.0990,0.277782
330.2011,0.277187
330.2999,0.276868
330.3991,0.276411
330.5009,0.275749
330.5999,0.275541
330.6989,0.275016
330.8010,0.274513
330.9000,0.273919
330.9990,0.273622
331.1010,0.272983
331.2000,0.272342
331.2990,0.271976
331.4009,0.271633
331.4999,0.271245
331.5991,0.270765
331.7009,0.270354
331.7999,0.270034
331.8989,0.269302
332.0010,0.268685
332.1000,0.268251
332.1990,0.267519
332.3009,0.267450
332.4000,0.267062
332.4990,0.266422
332.6009,0.265781
332.6999,0.265781
332.7989,0.264868
332.9010,0.264639
333.0000,0.264067
333.0990,0.263360
333.2010,0.262993
333.3000,0.262697
333.3990,0.262262
333.5009,0.261896
333.5999,0.261028
333.6991,0.260685
333.8009,0.260480
333.8999,0.259931
333.9989,0.259520
334.1010,0.259062
334.2000,0.258468
334.2990,0.258262
334.4009,0.257463
334.5000,0.256822
334.5990,0.256616
334.7009,0.256274
334.7999,0.255817
334.8989,0.255588
335.0010,0.254765
335.1000,0.254536
335.1990,0.253919
335.3010,0.253439
335.4000,0.252890
335.4990,0.252548
335.6011,0.252091
335.6999,0.251771
335.7991,0.251223
335.9009,0.251086
335.9999,0.250216
336.0989,0.249920
336.2010,0.249280
336.3000,0.248913
336.3990,0.248479
336.5010,0.248251
336.6000,0.247771
336.6990,0.247268
336.8009,0.246743
336.8999,0.246468
336.9989,0.246010
337.1009,0.245279
337.1999,0.244776
337.2989,0.244433
337.4010,0.244000
337.5000,0.243588
337.5990,0.243085
337.7009,0.242582
337.8001,0.242376
337.8989,0.241806
338.0009,0.241279
338.0999,0.241142
338.1989,0.240548
338.3010,0.240023
338.4000,0.239543
338.4990,0.239177
338.6010,0.238811
338.7000,0.238285
338.7990,0.237829
338.9009,0.237210
338.9999,0.237028
339.0991,0.236297
339.2009,0.235907
339.2999,0.235634
339.3989,0.235337
339.5010,0.234902
339.6000,0.234308
339.6990,0.233942
339.8009,0.233507
339.9000,0.233027
339.9990,0.232776
340.1009,0.232067
340.1999,0.231748
340.2989,0.231245
340.4010,0.231107
340.5000,0.230377
340.5990,0.229851
340.7010,0.229714
340.8000,0.228754
340.8990,0.228662
341.0009,0.228296
341.0999,0.227748
341.1991,0.227383
341.3009,0.226766
341.3999,0.226217
341.4989,0.226102
341.6010,0.225600
341.7000,0.225028
341.7990,0.224685
341.9009,0.224434
342.0000,0.223886
342.0990,0.223520
342.2009,0.222994
342.2999,0.222285
342.3989,0.221829
342.5010,0.221349
342.6000,0.221165
342.6990,0.220708
342.8010,0.220045
342.9000,0.219611
342.9990,0.219359
343.1011,0.218810
343.1999,0.218399
343.2991,0.217897
343.4009,0.217325
343.4999,0.217143
343.5989,0.216526
343.7010,0.216159
343.8000,0.215703
343.8990,0.215337
344.0010,0.214696
344.1000,0.214171
344.1990,0.213462
344.3009,0.213372
344.3999,0.212823
344.4989,0.212137
344.6009,0.211634
344.6999,0.211291
344.7989,0.210605
344.9010,0.209988
345.0000,0.209508
345.0990,0.209074
345.2009,0.208525
345.3001,0.207953
345.3989,0.207359
345.5009,0.206674
345.5999,0.206217
345.6989,0.205531
345.8010,0.204822
345.9000,0.203817
345.9990,0.202126
346.1010,0.202126
346.2000,0.201576
346.2990,0.201211
346.4009,0.201120
346.4999,0.200732
346.5991,0.200434
346.7009,0.200273
346.7999,0.199999
346.8989,0.199748
347.0010,0.199519
347.1000,0.199200
347.1990,0.198925
347.3009,0.198696
347.4000,0.198422
347.4990,0.198103
347.6009,0.197782
347.6999,0.197805
347.7989,0.197051
347.9010,0.196937
348.0000,0.196755
348.0990,0.196480
348.2010,0.196251
348.3000,0.196183
348.3990,0.195703
348.5009,0.195474
348.5999,0.195315
348.6991,0.194833
348.8009,0.194833
348.8999,0.194423
348.9989,0.194171
349.1010,0.194080
349.2000,0.193646
349.2990,0.193371
349.4009,0.193187
349.5000,0.192731
349.5990,0.192708
349.7009,0.192388
349.7999,0.192114
349.8989,0.192092
350.0010,0.191543
350.1000,0.191428
350.1990,0.190925
350.3010,0.190788
350.4000,0.190811
350.4990,0.190239
350.6011,0.190149
350.6999,0.189828
350.7991,0.189326
350.9009,0.189553
350.9999,0.189257
351.0989,0.188936
351.2010,0.188525
351.3000,0.188319
351.3990,0.188160
351.5010,0.187794
351.6000,0.187565
351.6990,0.187451
351.8009,0.187108
351.8999,0.187016
351.9989,0.186742
352.1009,0.186399
352.1999,0.186056
352.2989,0.185897
352.4010,0.185623
352.5000,0.185371
352.5990,0.185280
352.7009,0.185075
352.8001,0.184800
352.8989,0.184457
353.0009,0.184274
353.0999,0.183999
353.1989,0.183748
353.3010,0.183519
353.4000,0.183406
353.4990,0.182994
353.6010,0.182651
353.7000,0.182491
353.7990,0.182079
353.9009,0.182079
353.9999,0.181715
354.0991,0.181577
354.2009,0.181417
354.2999,0.181143
354.3989,0.180800
354.5010,0.180502
354.6000,0.180434
354.6990,0.180091
354.8009,0.180046
354.9000,0.179588
354.9990,0.179405
355.1009,0.179315
355.1999,0.178835
355.2989,0.178925
355.4010,0.178674
355.5000,0.178194
355.5990,0.178149
355.7010,0.177989
355.8000,0.177691
355.8990,0.177509
356.0009,0.177258
356.0999,0.176937
356.1991,0.176754
356.3009,0.176549
356.3999,0.176228
356.4989,0.176092
356.6010,0.175611
356.7000,0.175611
356.7990,0.175199
356.9009,0.175222
357.0000,0.174972
357.0990,0.174629
357.2009,0.174513
357.2999,0.174125
357.3989,0.173965
357.5010,0.173783
357.6000,0.173645
357.6990,0.173416
357.8010,0.173074
357.9000,0.172799
357.9990,0.172799
358.1011,0.172572
358.1999,0.172137
358.2991,0.172045
358.4009,0.171749
358.4999,0.171657
358.5989,0.171428
358.7010,0.171108
358.8000,0.170857
358.8990,0.170674
359.0010,0.170491
359.1000,0.170194
359.1990,0.170172
359.3009,0.169829
359.3999,0.169692
359.4989,0.169439
359.6009,0.169051
359.6999,0.168983
359.7989,0.168777
359.9010,0.168640
360.0000,0.168320
