# arXiv:1607.00990, figure LHC13TeV_LO_NLOPDF.pdf, curve fig1L_GLO_mu80
# m_aa [GeV], dsigma/dm_aa [fb/GeV]
330.0000,0.268708
330.0990,0.267862
330.2011,0.267428
330.2999,0.267039
330.3991,0.266377
330.5009,0.265714
330.5999,0.265301
330.6989,0.264708
330.8010,0.264251
330.9000,0.263816
330.9990,0.263040
331.1010,0.262764
331.2000,0.261988
331.2990,0.261691
331.4009,0.261165
331.4999,0.260617
331.5991,0.259931
331.7009,0.259520
331.7999,0.258971
331.8989,0.258536
332.0010,0.257874
332.1000,0.257210
332.1990,0.256799
332.3009,0.256319
332.4000,0.255702
332.4990,0.255474
332.6009,0.254581
332.6999,0.254491
332.7989,0.253599
332.9010,0.252982
333.0000,0.252777
333.0990,0.252068
333.2010,0.251680
333.3000,0.250949
333.3990,0.250445
333.5009,0.250079
333.5999,0.249302
333.6991,0.249074
333.8009,0.248479
333.8999,0.247748
333.9989,0.247360
334.1010,0.246948
334.2000,0.246057
334.2990,0.245691
334.4009,0.245211
334.5000,0.244868
334.5990,0.244000
334.7009,0.243610
334.7999,0.243130
334.8989,0.242537
335.0010,0.241896
335.1000,0.241669
335.1990,0.241051
335.3010,0.240479
335.4000,0.239794
335.4990,0.239177
335.6011,0.238994
335.6999,0.238376
335.7991,0.237805
335.9009,0.237096
335.9999,0.236594
336.0989,0.236182
336.2010,0.235588
336.3000,0.235039
336.3990,0.234262
336.5010,0.233942
336.6000,0.233576
336.6990,0.233074
336.8009,0.232594
336.8999,0.231748
336.9989,0.231382
337.1009,0.230698
337.1999,0.230216
337.2989,0.229508
337.4010,0.229393
337.5000,0.228594
337.5990,0.227931
337.7009,0.227473
337.8001,0.227109
337.8989,0.226286
338.0009,0.226057
338.0999,0.225211
338.1989,0.224822
338.3010,0.224297
338.4000,0.223680
338.4990,0.223267
338.6010,0.222514
338.7000,0.222125
338.7990,0.221371
338.9009,0.220822
338.9999,0.220411
339.0991,0.219770
339.2009,0.219406
339.2999,0.218628
339.3989,0.218056
339.5010,0.217668
339.6000,0.216937
339.6990,0.216434
339.8009,0.216046
339.9000,0.215154
339.9990,0.214880
340.1009,0.214216
340.1999,0.213462
340.2989,0.213051
340.4010,0.212365
340.5000,0.211724
340.5990,0.211109
340.7010,0.210537
340.8000,0.210102
340.8990,0.209279
341.0009,0.208731
341.0999,0.207863
341.1991,0.207406
341.3009,0.207063
341.3999,0.206377
341.4989,0.205394
341.6010,0.204777
341.7000,0.204411
341.7990,0.203770
341.9009,0.202926
342.0000,0.202354
342.0990,0.201668
342.2009,0.201211
342.2999,0.200526
342.3989,0.199931
342.5010,0.199360
342.6000,0.198696
342.6990,0.198034
342.8010,0.197280
342.9000,0.196823
342.9990,0.196137
343.1011,0.195382
343.1999,0.195154
343.2991,0.194492
343.4009,0.194057
343.4999,0.193554
343.5989,0.193303
343.7010,0.192891
343.8000,0.192435
343.8990,0.192343
344.0010,0.191794
344.1000,0.192000
344.1990,0.191794
344.3009,0.191816
344.3999,0.192182
344.4989,0.192182
344.6009,0.192572
344.6999,0.192982
344.7989,0.193463
344.9010,0.193691
345.0000,0.194080
345.0990,0.194537
345.2009,0.194902
345.3001,0.195199
345.3989,0.195542
345.5009,0.195428
345.5999,0.195885
345.6989,0.196091
345.8010,0.195795
345.9000,0.196069
345.9990,0.196228
346.1010,0.196000
346.2000,0.195863
346.2990,0.195885
346.4009,0.195657
346.4999,0.195726
346.5991,0.195428
346.7009,0.195497
346.7999,0.195315
346.8989,0.195360
347.0010,0.195223
347.1000,0.194972
347.1990,0.194925
347.3009,0.194856
347.4000,0.194537
347.4990,0.194400
347.6009,0.194353
347.6999,0.194034
347.7989,0.193873
347.9010,0.193783
348.0000,0.193691
348.0990,0.193646
348.2010,0.193393
348.3000,0.193050
348.3990,0.192868
348.5009,0.192799
348.5999,0.192754
348.6991,0.192617
348.8009,0.192388
348.8999,0.191794
348.9989,0.191977
349.1010,0.191794
349.2990,0.191473
349.4009,0.191383
349.5000,0.190948
349.5990,0.190856
349.7009,0.190742
349.7999,0.190674
349.8989,0.190400
350.0010,0.190194
350.1000,0.189965
350.1990,0.189828
350.3010,0.189600
350.4000,0.189531
350.4990,0.188960
350.6011,0.188891
350.6999,0.188936
350.7991,0.188709
350.9009,0.188525
350.9999,0.188183
351.0989,0.187886
351.2010,0.188113
351.3000,0.187565
351.3990,0.187612
351.5010,0.187498
351.6000,0.187222
351.6990,0.186789
351.8009,0.186857
351.8999,0.186765
351.9989,0.186172
352.1009,0.186217
352.1999,0.186011
352.2989,0.185851
352.4010,0.185554
352.5000,0.185554
352.5990,0.185096
352.7009,0.185075
352.8001,0.184937
352.8989,0.184685
353.0009,0.184389
353.0999,0.184274
353.1989,0.184046
353.3010,0.184115
353.4000,0.183588
353.4990,0.183519
353.6010,0.183314
353.7000,0.182994
353.7990,0.182834
353.9009,0.182332
353.9999,0.182583
354.0991,0.182216
354.2009,0.182103
354.2999,0.181760
354.3989,0.181715
354.5010,0.181417
354.6000,0.181302
354.6990,0.181166
354.8009,0.180845
354.9000,0.180639
354.9990,0.180365
355.1009,0.180251
355.1999,0.180206
355.2989,0.179863
355.4010,0.179679
355.5000,0.179588
355.5990,0.179199
355.7010,0.179108
355.8000,0.178949
355.8990,0.178537
356.0009,0.178400
356.0999,0.178422
356.1991,0.178034
356.3009,0.178079
356.3999,0.177577
356.4989,0.177463
356.6010,0.177258
356.7000,0.177166
356.7990,0.176776
356.9009,0.176776
357.0000,0.176549
357.0990,0.176296
357.2009,0.176251
357.2999,0.175953
357.3989,0.175679
357.5010,0.175565
357.6000,0.175360
357.6990,0.175199
357.8010,0.175040
357.9000,0.174743
357.9990,0.174582
358.1011,0.174354
358.1999,0.174194
358.2991,0.173965
358.4009,0.173851
358.4999,0.173737
358.5989,0.173508
358.7010,0.173212
358.8000,0.173120
358.8990,0.172914
359.0010,0.172731
359.1000,0.172548
359.1990,0.172274
359.3009,0.172137
359.3999,0.171976
359.4989,0.171612
359.6009,0.171428
359.6999,0.171337
359.7989,0.171154
359.9010,0.170903
360.0000,0.170789
