# arXiv:1607.00990, figure LHC13TeV_NLO_NLOPDF.pdf, curve fig1R_GNLO_mu40
# m_aa [GeV], dsigma/dm_aa [fb/GeV]
330.0000,0.278901
330.0990,0.278353
330.2011,0.277736
330.2999,0.277210
330.3991,0.276525
330.5009,0.276045
330.5999,0.275473
330.6989,0.274902
330.8010,0.274307
330.9000,0.273827
330.9990,0.273212
331.1010,0.272708
331.2000,0.272113
331.2990,0.271564
331.4009,0.270994
331.4999,0.270399
331.5991,0.269874
331.7009,0.269210
331.7999,0.268731
331.8989,0.268183
332.0010,0.267634
332.1000,0.267086
332.1990,0.266490
332.3009,0.265897
332.4000,0.265393
332.4990,0.264800
332.6009,0.264206
332.6999,0.263679
332.7989,0.263107
332.9010,0.262537
333.0000,0.261965
333.0990,0.261440
333.2010,0.260823
333.3000,0.260296
333.3990,0.259747
333.5009,0.259222
333.5999,0.258583
333.6991,0.258033
333.8009,0.257485
333.8999,0.256891
333.9989,0.256387
334.1010,0.255770
334.2000,0.255245
334.2990,0.254673
334.4009,0.254079
334.5000,0.253531
334.5990,0.252982
334.7009,0.252387
334.7999,0.251817
334.8989,0.251245
335.0010,0.250696
335.1000,0.250124
335.1990,0.249554
335.3010,0.248982
335.4000,0.248388
335.4990,0.247840
335.6011,0.247268
335.6999,0.246651
335.7991,0.246147
335.9009,0.245530
335.9999,0.244913
336.0989,0.244365
336.2010,0.243794
336.3000,0.243199
336.3990,0.242628
336.5010,0.242033
336.6000,0.241463
336.6990,0.240914
336.8009,0.240274
336.8999,0.239680
336.9989,0.239108
337.1009,0.238514
337.1999,0.237896
337.2989,0.237302
337.4010,0.236730
337.5000,0.236114
337.5990,0.235564
337.7009,0.234925
337.8001,0.234330
337.8989,0.233736
338.0009,0.233119
338.0999,0.232479
338.1989,0.231862
338.3010,0.231268
338.4000,0.230651
338.4990,0.230057
338.6010,0.229371
338.7000,0.228776
338.7990,0.228159
338.9009,0.227520
338.9999,0.226903
339.0991,0.226239
339.2009,0.225577
339.2999,0.224960
339.3989,0.224274
339.5010,0.223680
339.6000,0.223016
339.6990,0.222354
339.8009,0.221668
339.9000,0.221006
339.9990,0.220342
340.1009,0.219656
340.1999,0.218994
340.2989,0.218240
340.4010,0.217599
340.5000,0.216890
340.5990,0.216205
340.7010,0.215542
340.8000,0.214765
340.8990,0.214148
341.0009,0.213417
341.0999,0.212731
341.1991,0.212022
341.3009,0.211291
341.3999,0.210629
341.4989,0.209896
341.6010,0.209257
341.7000,0.208548
341.7990,0.207908
341.9009,0.207222
342.0000,0.206628
342.0990,0.206011
342.2009,0.205439
342.2999,0.204936
342.3989,0.204434
342.5010,0.204023
342.6000,0.203680
342.6990,0.203406
342.8010,0.203200
342.9000,0.203108
342.9990,0.203131
343.1011,0.203290
343.1999,0.203543
343.2991,0.203954
343.4009,0.204456
343.4999,0.205097
343.5989,0.205782
343.7010,0.206605
343.8000,0.207428
343.8990,0.208206
344.0010,0.209005
344.1000,0.209667
344.1990,0.210354
344.3009,0.210856
344.3999,0.211246
344.4989,0.211520
344.6009,0.211634
344.6999,0.211771
344.7989,0.211748
344.9010,0.211657
345.0000,0.211542
345.0990,0.211314
345.2009,0.211154
345.3001,0.210972
345.3989,0.210719
345.5009,0.210514
345.5999,0.210286
345.6989,0.210080
345.8010,0.209873
345.9000,0.209645
345.9990,0.209440
346.1010,0.209234
346.2000,0.209052
346.2990,0.208799
346.4009,0.208617
346.4999,0.208388
346.5991,0.208159
346.7009,0.207976
346.8989,0.207565
347.0010,0.207359
347.1990,0.206948
347.3009,0.206720
347.4000,0.206515
347.4990,0.206307
347.6009,0.206102
347.6999,0.205919
347.7989,0.205714
347.9010,0.205508
348.0000,0.205326
348.0990,0.205028
348.2010,0.204822
348.3000,0.204640
348.3990,0.204411
348.5009,0.204205
348.5999,0.203999
348.6991,0.203794
348.8009,0.203565
348.8999,0.203337
348.9989,0.203108
349.1010,0.202948
349.2000,0.202720
349.2990,0.202469
349.4009,0.202262
349.5000,0.202011
349.5990,0.201850
349.7009,0.201623
349.8989,0.201165
350.0010,0.200959
350.1000,0.200777
350.1990,0.200502
350.3010,0.200320
350.4000,0.200091
350.4990,0.199885
350.6011,0.199656
350.6999,0.199429
350.7991,0.199200
350.9009,0.198994
350.9999,0.198788
351.0989,0.198559
351.2010,0.198332
351.3000,0.198126
351.3990,0.197897
351.5010,0.197646
351.6000,0.197462
351.6990,0.197256
351.8009,0.197051
351.8999,0.196823
351.9989,0.196571
352.1009,0.196343
352.1999,0.196159
352.2989,0.195908
352.4010,0.195679
352.5000,0.195474
352.5990,0.195245
352.7009,0.195017
352.8001,0.194856
352.8989,0.194651
353.0009,0.194377
353.0999,0.194194
353.1989,0.193965
353.3010,0.193738
353.4990,0.193279
353.6010,0.193050
353.7000,0.192868
353.7990,0.192662
353.9009,0.192411
353.9999,0.192229
354.0991,0.192000
354.2009,0.191749
354.2999,0.191565
354.3989,0.191314
354.5010,0.191109
354.6990,0.190697
354.8009,0.190468
354.9000,0.190286
354.9990,0.190035
355.1009,0.189828
355.1999,0.189577
355.2989,0.189416
355.4010,0.189189
355.5000,0.188936
355.5990,0.188731
355.7010,0.188503
355.8000,0.188319
355.8990,0.188092
356.0009,0.187862
356.0999,0.187657
356.1991,0.187428
356.3009,0.187200
356.4989,0.186789
356.6010,0.186560
356.7990,0.186148
356.9009,0.185943
357.0000,0.185714
357.0990,0.185531
357.2009,0.185280
357.3989,0.184869
357.5010,0.184640
357.6000,0.184411
357.6990,0.184205
357.8010,0.183999
357.9990,0.183588
358.1011,0.183360
358.1999,0.183153
358.2991,0.182971
358.4009,0.182720
358.4999,0.182537
358.5989,0.182308
358.7010,0.182103
358.8000,0.181920
358.8990,0.181715
359.0010,0.181462
359.1000,0.181257
359.1990,0.181074
359.3009,0.180845
359.3999,0.180639
359.4989,0.180410
359.6009,0.180206
359.6999,0.179977
359.7989,0.179795
359.9010,0.179611
360.0000,0.179382
