# arXiv:1607.00990, figure FCC100TeV_Temp_NLOPDF.pdf, curve fig4R_mt176
# m_aa [GeV], dsigma/dm_aa [fb/GeV]
300.0000,5.471722
300.2502,5.449438
300.4998,5.426207
300.7500,5.397404
300.9995,5.375120
301.2497,5.362141
301.4999,5.339858
301.7502,5.313841
301.9997,5.286935
302.2499,5.268385
302.5001,5.246990
302.7497,5.223759
302.9999,5.205209
303.2501,5.181088
303.4997,5.167161
303.7499,5.133736
304.0001,5.118860
304.2496,5.091006
304.4998,5.078027
304.7501,5.052010
304.9996,5.028778
305.2498,5.008391
305.5000,4.989782
305.7496,4.969395
305.9998,4.951734
306.2500,4.932236
306.5002,4.907167
306.7498,4.893240
307.0000,4.864437
307.2502,4.855192
307.4997,4.832908
307.7499,4.815248
308.0002,4.789230
308.2497,4.768784
308.4999,4.750234
308.7501,4.738203
308.9997,4.713075
309.2499,4.693577
309.5001,4.680598
309.7497,4.658315
309.9999,4.640713
310.2501,4.610014
310.4996,4.586842
310.7498,4.580323
311.0001,4.564558
311.2496,4.543223
311.4998,4.520880
311.7500,4.504167
311.9996,4.485618
312.2498,4.468016
312.5000,4.451244
312.7496,4.432694
312.9998,4.412248
313.2500,4.395535
313.5002,4.379771
313.7497,4.359325
313.9999,4.342612
314.2502,4.320329
314.4997,4.305512
314.7499,4.284118
315.0001,4.271139
315.2497,4.249804
315.4999,4.239551
315.7501,4.209859
315.9997,4.194984
316.2499,4.181057
316.5001,4.166181
316.7496,4.147632
316.9998,4.129082
317.2501,4.111421
317.4996,4.096545
317.7498,4.072425
318.0000,4.053875
318.2496,4.038999
318.4998,4.026909
318.7500,4.010197
318.9996,3.993484
319.2498,3.975883
319.7502,3.946132
319.9997,3.924797
320.2499,3.906247
320.5002,3.895105
320.7497,3.878392
320.9999,3.857946
321.2501,3.847752
321.4997,3.824521
321.7499,3.812431
322.0001,3.786414
322.2497,3.780902
322.7501,3.747477
322.9996,3.731653
323.5001,3.703799
323.7496,3.687086
323.9998,3.673159
324.2500,3.653661
324.4996,3.634163
324.7498,3.617450
325.0000,3.602634
325.2496,3.587759
325.4998,3.572883
325.7500,3.561741
326.0002,3.544081
326.2497,3.531102
326.4999,3.516226
326.7502,3.497676
326.9997,3.481912
327.2499,3.472607
327.5001,3.452161
327.7497,3.443805
328.2501,3.406705
328.4997,3.393667
328.7499,3.383473
329.0001,3.361190
329.2496,3.345426
329.4998,3.335173
329.7501,3.314786
329.9996,3.298073
330.2498,3.287820
330.5000,3.278575
330.7496,3.259966
330.9998,3.243253
331.2500,3.234008
331.4996,3.214510
331.7498,3.205205
332.0000,3.188493
332.2502,3.170832
332.4997,3.157853
332.7499,3.137407
333.0002,3.125376
333.2497,3.109552
333.4999,3.095625
333.7501,3.087269
333.9997,3.073342
334.2499,3.056629
334.5001,3.043650
334.7497,3.025041
334.9999,3.012062
335.2501,3.000920
335.4996,2.975851
335.7498,2.973066
336.0001,2.951731
336.2496,2.939641
336.4998,2.924765
336.7500,2.914572
336.9996,2.896911
337.2498,2.882984
337.5000,2.864434
337.7496,2.854240
337.9998,2.838417
338.2500,2.818030
338.5002,2.806888
338.7497,2.794798
338.9999,2.778085
339.2502,2.764158
339.4997,2.747445
339.7499,2.731681
340.0001,2.721428
340.2497,2.702878
340.4999,2.689900
340.7501,2.671290
340.9997,2.660149
341.2499,2.643436
341.5001,2.625775
341.7496,2.609122
341.9998,2.597032
342.2501,2.580319
342.4996,2.561769
342.7498,2.551517
343.0000,2.530181
343.2496,2.515306
343.4998,2.494919
343.7500,2.480043
343.9996,2.462383
344.2498,2.448455
344.5000,2.428068
344.7502,2.412245
344.9997,2.390909
345.2499,2.373249
345.5002,2.353751
345.7497,2.333364
345.9999,2.316592
346.2501,2.290634
346.4997,2.272973
346.7499,2.252527
347.0001,2.233977
347.2497,2.211693
347.4999,2.193143
347.7501,2.170860
347.9996,2.150414
348.2498,2.135538
348.5001,2.127182
348.7496,2.120722
348.9998,2.129078
349.2500,2.144843
349.4996,2.170860
349.7498,2.206122
350.0000,2.243281
350.2496,2.270187
350.4998,2.291582
350.7500,2.297153
351.0002,2.294308
351.2497,2.291582
351.4999,2.290634
351.7502,2.285063
351.9997,2.281329
352.2499,2.282277
352.5001,2.276707
352.7497,2.275758
352.9999,2.271136
353.2501,2.265565
353.4997,2.261831
353.7499,2.259046
354.0001,2.257208
354.2496,2.253475
354.4998,2.249800
354.7501,2.249800
354.9996,2.242333
355.2498,2.240496
355.5000,2.234925
355.7496,2.231191
355.9998,2.232140
356.2500,2.223783
356.4996,2.224672
356.7498,2.215427
357.0000,2.212641
357.2502,2.210745
357.4997,2.205174
357.7499,2.201500
358.0002,2.196818
358.2497,2.195929
358.4999,2.191247
358.7501,2.186624
358.9997,2.181053
359.2499,2.179216
359.5001,2.173645
359.7497,2.168074
359.9999,2.167126
360.2501,2.163393
360.4996,2.158770
360.7498,2.153199
361.0001,2.149465
361.2496,2.145791
361.7500,2.134649
361.9996,2.131864
362.2498,2.131864
362.5000,2.123507
362.7496,2.119774
362.9998,2.116988
363.2500,2.112366
363.5002,2.104009
363.7497,2.104898
363.9999,2.099328
364.2502,2.091919
364.4997,2.093757
364.7499,2.087297
365.0001,2.083563
365.2497,2.078940
365.4999,2.075207
365.7501,2.074259
365.9997,2.065013
366.5001,2.057546
366.7496,2.053872
367.2501,2.042730
367.4996,2.039944
367.7498,2.038048
368.0000,2.032477
368.2496,2.027854
368.4998,2.023232
368.7500,2.020446
368.9996,2.018550
369.2498,2.016713
369.5000,2.010194
369.7502,2.004623
369.9997,1.995377
370.2499,1.997215
370.5002,1.993481
370.7497,1.987910
370.9999,1.982339
371.2501,1.978665
371.4997,1.977717
372.0001,1.966575
372.2497,1.965627
372.4999,1.960056
372.7501,1.956322
372.9996,1.951699
373.2498,1.947077
373.5001,1.942395
373.7496,1.940558
373.9998,1.933150
374.2500,1.931312
374.4996,1.929416
374.7498,1.923845
375.0000,1.920171
375.2496,1.914600
375.4998,1.909918
375.7500,1.908081
376.0002,1.901561
376.2497,1.897887
376.4999,1.896939
376.7502,1.889531
376.9997,1.890420
377.2499,1.881115
377.5001,1.878330
377.7497,1.879278
377.9999,1.868136
378.2501,1.867188
378.4997,1.862565
378.7499,1.857943
379.0001,1.856105
379.2496,1.853261
379.4998,1.843067
379.7501,1.844904
379.9996,1.837496
380.2498,1.836607
380.5000,1.831926
380.7496,1.828251
380.9998,1.825406
381.2500,1.821732
381.4996,1.816161
381.7498,1.813376
382.0000,1.809642
382.2502,1.805019
382.4997,1.802234
382.7499,1.800397
383.0002,1.794826
383.2497,1.791981
383.4999,1.786470
383.7501,1.779950
383.9997,1.782736
384.2499,1.775269
384.5001,1.770646
384.7497,1.769698
384.9999,1.766023
385.2501,1.762290
385.4996,1.753933
385.7498,1.752096
386.0001,1.749311
386.2496,1.745577
386.4998,1.741843
386.7500,1.740954
386.9996,1.733546
387.2498,1.730761
387.5000,1.727027
387.7496,1.724242
387.9998,1.720508
388.2500,1.719619
388.5002,1.713989
388.7497,1.711263
388.9999,1.704744
389.2502,1.703795
389.4997,1.699173
389.7499,1.698225
390.0001,1.692654
390.2497,1.689868
390.4999,1.686135
390.7501,1.681512
390.9997,1.676889
391.2499,1.675941
391.5001,1.671318
391.7496,1.665748
391.9998,1.664799
392.2501,1.661066
392.4996,1.656443
392.7498,1.652709
393.0000,1.649924
393.2496,1.649924
393.4998,1.643464
393.7500,1.638782
393.9996,1.639730
394.2498,1.631374
394.7502,1.625803
394.9997,1.622069
395.2499,1.617447
395.5002,1.613713
395.7497,1.612824
395.9999,1.610039
396.2501,1.606305
396.4997,1.602571
396.7499,1.600734
397.0001,1.596112
397.2497,1.591430
397.4999,1.589592
397.7501,1.585859
397.9996,1.583073
398.2498,1.578451
398.5001,1.576614
398.7496,1.572880
398.9998,1.571043
399.2500,1.566420
399.4996,1.560790
399.7498,1.558953
400.0000,1.556167
