# arXiv:1607.00990, figure LHC13TeV_Temp_NLOPDF.pdf, curve fig4L_mt173
# m_aa [GeV], dsigma/dm_aa [fb/GeV]
300.0000,0.490101
300.2502,0.488060
300.4998,0.485463
300.7500,0.483341
300.9995,0.481300
301.2497,0.479099
301.4999,0.476667
301.7502,0.474781
301.9997,0.472660
302.2499,0.470459
302.5001,0.468337
302.7497,0.466061
303.2501,0.461818
303.4997,0.459617
303.7499,0.457495
304.0001,0.455690
304.2496,0.453173
304.4998,0.451443
304.7501,0.448775
304.9996,0.447125
305.2498,0.444923
305.5000,0.443193
305.7496,0.440761
305.9998,0.438715
306.2500,0.437146
306.4996,0.435024
306.7498,0.432748
307.0000,0.431098
307.2502,0.429052
307.4997,0.427011
307.7499,0.425045
308.0002,0.423084
308.2497,0.420963
308.4999,0.419313
308.7501,0.417112
308.9997,0.415462
309.2499,0.413260
309.5001,0.411375
309.7497,0.409650
309.9999,0.407839
310.2501,0.405798
310.4996,0.403913
310.7498,0.401872
311.0001,0.399981
311.2496,0.398492
311.4998,0.396446
311.7500,0.394485
311.9996,0.393071
312.2498,0.391185
312.5000,0.389220
312.7496,0.387334
312.9998,0.385684
313.2500,0.383718
313.5002,0.382465
313.7497,0.380263
313.9999,0.378458
314.2502,0.376964
314.4997,0.375158
314.7499,0.373428
315.0001,0.371623
315.2497,0.369893
315.4999,0.368318
315.7501,0.366593
315.9997,0.364863
316.2499,0.363213
316.5001,0.361408
316.7496,0.359602
316.9998,0.358028
317.2501,0.356458
317.4996,0.354884
317.7498,0.353159
318.0000,0.351509
318.2496,0.350014
318.4998,0.348129
318.7500,0.346479
318.9996,0.345145
319.2498,0.343575
319.5000,0.341690
319.7502,0.340351
319.9997,0.338701
320.2499,0.337051
320.5002,0.335326
320.7497,0.333907
320.9999,0.332493
321.2501,0.330607
321.4997,0.329118
321.7499,0.327468
322.0001,0.325974
322.2497,0.324479
322.4999,0.322990
322.7501,0.321179
322.9996,0.319846
323.2498,0.318351
323.5001,0.317097
323.7496,0.315287
323.9998,0.313953
324.2500,0.312459
324.4996,0.311045
324.7498,0.309475
325.0000,0.307745
325.2496,0.306411
325.4998,0.304681
325.7500,0.303583
326.0002,0.301933
326.2497,0.300438
326.4999,0.299105
326.7502,0.297610
326.9997,0.295960
327.2499,0.294310
327.5001,0.293132
327.7497,0.291873
327.9999,0.290223
328.2501,0.288809
328.4997,0.287400
328.7499,0.285906
329.0001,0.284492
329.2496,0.283077
329.4998,0.281738
329.7501,0.280169
329.9996,0.278835
330.2498,0.277576
330.5000,0.276162
330.7496,0.274668
330.9998,0.273414
331.2500,0.271839
331.4996,0.270425
331.7498,0.268936
332.0000,0.267757
332.2502,0.266183
332.4997,0.264769
332.7499,0.263435
333.0002,0.262020
333.2497,0.260687
333.4999,0.259112
333.7501,0.257623
333.9997,0.256364
334.2499,0.254950
334.5001,0.253380
334.7497,0.252202
334.9999,0.250552
335.2501,0.249213
335.4996,0.247879
335.7498,0.246384
336.0001,0.244895
336.2496,0.243481
336.4998,0.241987
336.7500,0.240572
336.9996,0.238998
337.2498,0.237744
337.5000,0.236094
337.7496,0.234520
337.9998,0.233105
338.2500,0.231616
338.5002,0.230122
338.7497,0.228397
338.9999,0.226902
339.2502,0.225328
339.4997,0.223602
339.7499,0.221953
340.0001,0.220222
340.2497,0.218573
340.4999,0.216923
340.7501,0.215117
340.9997,0.213307
341.2499,0.211657
341.5001,0.209932
341.7496,0.208277
341.9998,0.206552
342.2501,0.205213
342.4996,0.204035
342.7498,0.203253
343.0000,0.203172
343.2496,0.203724
343.4998,0.204983
343.7500,0.207024
343.9996,0.208989
344.2498,0.210639
344.5000,0.211582
344.7502,0.211582
344.9997,0.211502
345.2499,0.211030
345.5002,0.210479
345.7497,0.210007
346.2501,0.209065
346.4997,0.208358
346.7499,0.207966
347.0001,0.207340
347.2497,0.206863
347.4999,0.206317
347.7501,0.205685
347.9996,0.205213
348.2498,0.204742
348.5001,0.204195
348.7496,0.203644
348.9998,0.203097
349.2500,0.202465
349.4996,0.201994
349.7498,0.201522
350.0000,0.200976
350.2496,0.200424
350.7500,0.199321
351.0002,0.198774
351.2497,0.198223
351.4999,0.197671
351.7502,0.197125
351.9997,0.196573
352.2499,0.196102
352.5001,0.195555
352.7497,0.194923
353.2501,0.193980
353.4997,0.193273
353.7499,0.192722
354.0001,0.192175
354.2496,0.191623
354.4998,0.191072
354.7501,0.190600
354.9996,0.189893
355.2498,0.189422
355.5000,0.189031
355.7496,0.188479
355.9998,0.187852
356.2500,0.187381
356.4996,0.186834
356.7498,0.186358
357.0000,0.185811
357.2502,0.185260
357.4997,0.184708
357.7499,0.184001
358.0002,0.183530
358.2497,0.183058
358.4999,0.182431
358.7501,0.181960
358.9997,0.181408
359.2499,0.181017
359.5001,0.180390
359.7497,0.179839
359.9999,0.179448
360.2501,0.178816
360.4996,0.178269
361.0001,0.177326
361.2496,0.176775
361.4998,0.176303
361.7500,0.175676
361.9996,0.175361
362.2498,0.174653
362.5000,0.174182
362.7496,0.173630
362.9998,0.173320
363.2500,0.172688
363.5002,0.172216
363.7497,0.171670
364.2502,0.170727
364.4997,0.170175
365.0001,0.169233
365.2497,0.168681
365.4999,0.168209
365.7501,0.167663
365.9997,0.167267
366.2499,0.166715
366.5001,0.166404
366.7496,0.165777
366.9998,0.165381
367.2501,0.164835
367.4996,0.164358
367.7498,0.163812
368.0000,0.163420
368.2496,0.162949
368.4998,0.162397
368.7500,0.162006
368.9996,0.161535
369.2498,0.161063
369.5000,0.160512
369.7502,0.160040
369.9997,0.159649
370.2499,0.159098
370.5002,0.158626
370.7497,0.158310
370.9999,0.157839
371.2501,0.157212
371.4997,0.156896
372.0001,0.155953
372.2497,0.155482
372.4999,0.155091
372.7501,0.154620
372.9996,0.154228
373.2498,0.153677
373.5001,0.153281
373.7496,0.152814
373.9998,0.152343
374.2500,0.151947
374.4996,0.151556
374.7498,0.151004
375.0000,0.150613
375.2496,0.150141
375.4998,0.149745
375.7500,0.149354
376.0002,0.148883
376.2497,0.148336
376.4999,0.148020
376.7502,0.147629
376.9997,0.147158
377.2499,0.146686
377.5001,0.146370
377.7497,0.145899
377.9999,0.145427
378.2501,0.145031
378.4997,0.144640
378.7499,0.144169
379.0001,0.143778
379.2496,0.143381
379.4998,0.142990
379.7501,0.142519
379.9996,0.142048
380.2498,0.141732
380.5000,0.141340
380.7496,0.140949
380.9998,0.140478
381.2500,0.140162
381.4996,0.139691
381.7498,0.139299
382.0000,0.138828
382.2502,0.138512
382.4997,0.138041
382.7499,0.137650
383.0002,0.137253
383.2497,0.136862
383.4999,0.136471
383.7501,0.136155
383.9997,0.135604
384.2499,0.135368
384.5001,0.134977
384.7497,0.134505
384.9999,0.134189
385.2501,0.133798
385.4996,0.133407
385.7498,0.133011
386.0001,0.132620
386.2496,0.132229
386.4998,0.131832
386.7500,0.131522
386.9996,0.131125
387.5000,0.130343
387.7496,0.130027
387.9998,0.129636
388.2500,0.129320
388.5002,0.128849
388.7497,0.128458
389.2502,0.127826
389.4997,0.127354
389.7499,0.127043
390.0001,0.126647
390.2497,0.126336
390.4999,0.125940
390.7501,0.125629
390.9997,0.125233
391.2499,0.124842
391.5001,0.124526
391.7496,0.124215
391.9998,0.123819
392.2501,0.123508
392.4996,0.123112
392.7498,0.122796
393.0000,0.122405
393.2496,0.122094
393.4998,0.121778
393.7500,0.121387
393.9996,0.121071
394.2498,0.120680
394.5000,0.120364
394.7502,0.119973
394.9997,0.119657
395.2499,0.119341
395.5002,0.118950
395.7497,0.118714
395.9999,0.118323
396.2501,0.118007
396.4997,0.117691
396.7499,0.117300
397.0001,0.116984
397.2497,0.116673
397.4999,0.116357
397.7501,0.115966
397.9996,0.115650
398.2498,0.115334
398.5001,0.115023
398.7496,0.114707
398.9998,0.114391
399.2500,0.114080
399.4996,0.113764
399.7498,0.113448
400.0000,0.113057
